,causal_ADP_FIB,causal_TRAP_FIB,BETA_ADP_FIB,P_ADP_FIB,BETA_TRAP_FIB,P_TRAP_FIB,A1FREQ,CHR,BP,MAF,Dragana GWAS traits,genes
rs6425521,False,True,0.0404014,2e-14,0.0248307,1.2e-13,0.193286,1,171942783,0.193286,,DNM3
rs59001897,True,True,-0.0492452,3.5e-17,-0.0321791,3.5e-18,0.833369,15,65160392,0.16663099999999997,,PLEKHO2
rs117558678,False,True,-0.026954,6.3e-08,-0.0186561,4e-09,0.765168,11,270330,0.23483200000000004,,PSMD13-NLRP6
rs10914144,True,False,0.0403852,1.9e-14,0.0247359,1.4e-13,0.193518,1,171949750,0.193518,,DNM3
rs1354034,True,True,-0.0267575,9.2e-10,-0.0180135,8.2e-11,0.40509,3,56849749,0.40509,HLSR# HLSR% LYMPH# LYMPH% MPV PCT PLT# RET# RET% ,ARHGEF3
rs61751937,True,True,-0.0828943,6.9e-11,-0.0538809,2.3e-11,0.971285,9,113312231,0.028715000000000046,MPV PDW ,SVEP1
rs7193477,True,True,-0.0435541,4.2e-16,-0.0278592,2.2e-16,0.790405,16,81886182,0.20959499999999998,,PLCG2
rs7961894,True,True,0.05967,8.7e-19,0.0383545,3e-19,0.885004,12,122365583,0.11499599999999999,,WDR66
rs6064731,True,False,-0.031769,1.2e-11,-0.0210012,1.6e-12,0.690579,20,57547945,0.30942099999999995,,GNAS-NELFCD
rs342293,True,True,0.0393797,1.8e-20,0.0236893,1.2e-18,0.542087,7,106372219,0.457913,MPV PDW WBC# ,CTB-30L5.1
rs152039,True,True,-0.0403011,3.2e-19,-0.0270349,2.3e-21,0.331313,5,122220665,0.331313,,SNX24
rs467040,False,True,-0.0248079,1.3e-08,-0.0162924,4e-09,0.523936,20,57548029,0.47606400000000004,,GNAS-NELFCD
rs55831924,True,True,-0.0259469,4.1e-09,-0.0164304,4.5e-09,0.6409,8,145031968,0.3591,,PLEC
rs117149770,False,True,-0.0768932,1.3e-08,-0.0501302,4.6e-09,0.973672,9,113099642,0.026328000000000018,,TXNDC8
rs1654425,True,True,-0.0442895,3.2e-15,-0.0287997,6.6e-16,0.166962,19,55538980,0.166962,MPV ,GP6
rs34101855,True,True,0.0562722,2.5e-17,0.0355857,2.9e-17,0.880316,1,207281706,0.11968400000000001,RET# RET% ,C4BPA
rs2617453,True,True,0.0332978,9.5e-14,0.0223506,3e-15,0.650532,5,122347871,0.349468,,SNX24
rs10761731,True,True,-0.0266316,4e-10,-0.0159782,3.2e-09,0.580678,10,65027610,0.419322,MPV PLT# ,JMJD1C
rs12534496,True,True,-0.0293664,1.3e-11,-0.0175737,1.6e-10,0.52272,7,106374640,0.47728000000000004,,CTB-30L5.1
rs34524896,True,True,-0.0890274,4.3e-18,-0.0618309,1.8e-21,0.952229,20,57594684,0.04777100000000001,PLT# ,TUBB1
rs1169072,True,True,0.0256895,6.3e-09,0.0166894,2.6e-09,0.411882,12,122401501,0.411882,,WDR66
rs11078475,True,True,-0.0252242,2.8e-09,-0.0158077,4.1e-09,0.468763,17,3819002,0.468763,,P2RX1
rs17625587,True,True,-0.0471489,9.5e-21,-0.0302709,2.7e-21,0.740589,1,198990494,0.25941099999999995,,LINC01221
rs6993770,True,True,0.0504802,9.6e-27,0.0332596,9.2e-29,0.715596,8,106581528,0.284404,MPV PCT PDW PLT# ,ZFPM2
rs12041331,True,True,0.0462162,5e-10,0.030246,1.3e-10,0.91327,1,156869714,0.08672999999999997,MPV PDW PLT# ,PEAR1
rs111763415,True,True,0.0255358,2.2e-09,0.016778,5.5e-10,0.577197,10,104330296,0.42280300000000004,,SUFU
rs1434282,True,True,0.0474474,2.3e-21,0.0304818,6.1000000000000005e-22,0.265177,1,199010721,0.265177,HCT HGB HLSR# HLSR% IRF MCH MCV MRV MSCV PCT PLT# RBC# RET# RET% ,LINC01221
rs11204523,True,True,0.0303628,4e-09,0.019234,3.8e-09,0.235326,1,248020556,0.235326,MPV PDW ,TRIM58
rs9807614,True,False,-0.0278978,9.2e-09,-0.0175896,1.1e-08,0.258769,18,9620332,0.258769,,PPP4R1-AS1
